EventID,ActivityName,LocationVillageCity,District,State,DateOfImplementation,NumberOfVolunteers,CorporateSponsor,NGOPartner,VolunteerHoursLogged,GenderDistribution,CommunityBeneficiaries,CSRBudgetAllocated,CSRBudgetUtilized,VolunteerFeedbackScore,CommunitySatisfactionScore,RemarksChallenges
f1e477c5,Flood Preparedness and Early Warning Awareness Drives,Dhemaji Village,Dhemaji,Assam,2025-05-04,47,Veltrix Global Solutions,Assam NGO,272.3,"M: 59%, F: 41%",638,401236.03,390836.81,4,5,No major issues
36ebf24f,Flood Preparedness and Early Warning Awareness Drives,Lakhimpur Village,Lakhimpur,Assam,2025-04-15,46,Veltrix Global Solutions,Assam NGO,276.95,"M: 57%, F: 43%",552,234488.33,116121.16,5,4,Logistical delays
fdf2c4aa,Flood Preparedness and Early Warning Awareness Drives,Dibrugarh Village,Dibrugarh,Assam,2025-04-29,64,Veltrix Global Solutions,Assam NGO,104.83,"M: 40%, F: 60%",731,233589.28,46295.27,3,4,Logistical delays
b07baae8,Flood Preparedness and Early Warning Awareness Drives,Jorhat Village,Jorhat,Assam,2025-04-28,23,Veltrix Global Solutions,Assam NGO,410.12,"M: 43%, F: 57%",841,98668.85,291519.84,5,5,Heavy rainfall affected turnout
57268bda,Flood Preparedness and Early Warning Awareness Drives,Sivasagar Village,Sivasagar,Assam,2025-04-06,95,Veltrix Global Solutions,Assam NGO,95.12,"M: 45%, F: 55%",439,104780.11,228654.46,3,3,Heavy rainfall affected turnout
62d04cd2,Flood Preparedness and Early Warning Awareness Drives,Sonitpur Village,Sonitpur,Assam,2025-05-05,66,Veltrix Global Solutions,Assam NGO,231.86,"M: 53%, F: 47%",317,70292.51,437504.47,4,3,Logistical delays
c7c4f249,Flood Preparedness and Early Warning Awareness Drives,Barpeta Village,Barpeta,Assam,2025-03-06,93,Veltrix Global Solutions,Assam NGO,70.64,"M: 53%, F: 47%",486,298942.71,66795.13,4,3,No major issues
f030b8b0,Flood Preparedness and Early Warning Awareness Drives,Nagaon Village,Nagaon,Assam,2025-04-28,40,Veltrix Global Solutions,Assam NGO,482.8,"M: 58%, F: 42%",601,112599.09,45852.8,5,3,Heavy rainfall affected turnout
80ed0a07,Flood Preparedness and Early Warning Awareness Drives,Morigaon Village,Morigaon,Assam,2025-04-23,74,Veltrix Global Solutions,Assam NGO,67.02,"M: 45%, F: 55%",842,419013.88,189301.21,4,5,No major issues
4027deed,Flood Preparedness and Early Warning Awareness Drives,Dhubri Village,Dhubri,Assam,2025-04-12,66,Veltrix Global Solutions,Assam NGO,427.68,"M: 47%, F: 53%",558,438640.51,125629.68,4,4,Heavy rainfall affected turnout
250866a9,Flood Preparedness and Early Warning Awareness Drives,Cachar Village,Cachar,Assam,2025-03-17,94,Veltrix Global Solutions,Assam NGO,202.27,"M: 49%, F: 51%",433,162514.13,217290.93,5,5,No major issues
bafdc281,Flood Preparedness and Early Warning Awareness Drives,Golaghat Village,Golaghat,Assam,2025-03-26,33,Veltrix Global Solutions,Assam NGO,246.13,"M: 57%, F: 43%",985,431736.78,70390.59,5,4,Heavy rainfall affected turnout
8f32263d,Flood Preparedness and Early Warning Awareness Drives,Kamrup Village,Kamrup,Assam,2025-03-08,50,Veltrix Global Solutions,Assam NGO,363.05,"M: 42%, F: 58%",618,332457.57,377803.72,4,5,No major issues
54a2f838,Flood Preparedness and Early Warning Awareness Drives,Kamrup Metropolitan Village,Kamrup Metropolitan,Assam,2025-05-02,25,Veltrix Global Solutions,Assam NGO,437.4,"M: 51%, F: 49%",383,446893.52,187301.51,3,4,No major issues
00b8b199,Flood Preparedness and Early Warning Awareness Drives,Karimganj Village,Karimganj,Assam,2025-03-31,10,Veltrix Global Solutions,Assam NGO,471.44,"M: 42%, F: 58%",968,156729.54,360084.58,3,4,Heavy rainfall affected turnout
4b6a9047,Flood Preparedness and Early Warning Awareness Drives,Tinsukia Village,Tinsukia,Assam,2025-03-03,57,Veltrix Global Solutions,Assam NGO,180.68,"M: 54%, F: 46%",783,50648.07,376507.97,3,3,Logistical delays
a6c90b8c,Flood Preparedness and Early Warning Awareness Drives,Udalguri Village,Udalguri,Assam,2025-03-11,95,Veltrix Global Solutions,Assam NGO,51.82,"M: 44%, F: 56%",186,74581.58,395088.69,3,4,Logistical delays
45aa9606,Flood Preparedness and Early Warning Awareness Drives,Baksa Village,Baksa,Assam,2025-04-06,48,Veltrix Global Solutions,Assam NGO,304.02,"M: 41%, F: 59%",851,200487.81,387693.9,3,5,No major issues
05730e97,Flood Preparedness and Early Warning Awareness Drives,Nalbari Village,Nalbari,Assam,2025-03-19,15,Veltrix Global Solutions,Assam NGO,172.17,"M: 51%, F: 49%",103,317310.82,490790.45,3,4,No major issues
678e98e1,Flood Preparedness and Early Warning Awareness Drives,Bongaigaon Village,Bongaigaon,Assam,2025-02-27,72,Veltrix Global Solutions,Assam NGO,271.17,"M: 59%, F: 41%",317,404098.56,83124.52,5,3,Logistical delays
8d5add7c,Flood Preparedness and Early Warning Awareness Drives,Goalpara Village,Goalpara,Assam,2025-03-29,44,Veltrix Global Solutions,Assam NGO,450.86,"M: 49%, F: 51%",707,213803.07,361986.9,3,5,Logistical delays
4c7cee84,Flood Preparedness and Early Warning Awareness Drives,Hailakandi Village,Hailakandi,Assam,2025-04-28,82,Veltrix Global Solutions,Assam NGO,95.17,"M: 40%, F: 60%",470,55048.92,223783.24,4,4,No major issues
56b67dee,Flood Preparedness and Early Warning Awareness Drives,Chirang Village,Chirang,Assam,2025-03-21,24,Veltrix Global Solutions,Assam NGO,239.51,"M: 43%, F: 57%",737,456159.87,288337.02,5,4,Heavy rainfall affected turnout
f9e5a6f6,Flood Preparedness and Early Warning Awareness Drives,Darrang Village,Darrang,Assam,2025-02-11,51,Veltrix Global Solutions,Assam NGO,317.21,"M: 45%, F: 55%",761,185289.4,229399.37,4,5,Heavy rainfall affected turnout
a63ef83e,Flood Preparedness and Early Warning Awareness Drives,Dima Hasao Village,Dima Hasao,Assam,2025-05-05,53,Veltrix Global Solutions,Assam NGO,115.21,"M: 40%, F: 60%",347,280904.54,264137.65,4,4,Heavy rainfall affected turnout
e3b813ea,Flood Preparedness and Early Warning Awareness Drives,Karbi Anglong Village,Karbi Anglong,Assam,2025-04-30,61,Veltrix Global Solutions,Assam NGO,271.01,"M: 58%, F: 42%",748,62728.5,173712.05,4,3,No major issues
6798a824,Flood Preparedness and Early Warning Awareness Drives,Kokrajhar Village,Kokrajhar,Assam,2025-05-13,17,Veltrix Global Solutions,Assam NGO,110.42,"M: 43%, F: 57%",314,385957.54,115409.84,3,4,Logistical delays
77d17f01,Flood Preparedness and Early Warning Awareness Drives,Majuli Village,Majuli,Assam,2025-03-09,38,Veltrix Global Solutions,Assam NGO,257.64,"M: 50%, F: 50%",461,120263.48,281752.84,3,4,Heavy rainfall affected turnout
6a294f52,Flood Preparedness and Early Warning Awareness Drives,Biswanath Village,Biswanath,Assam,2025-04-06,19,Veltrix Global Solutions,Assam NGO,233.54,"M: 50%, F: 50%",330,50887.7,175303.29,5,3,Logistical delays
eaccc6ee,Flood Preparedness and Early Warning Awareness Drives,Hojai Village,Hojai,Assam,2025-05-07,43,Veltrix Global Solutions,Assam NGO,149.18,"M: 47%, F: 53%",430,122713.12,253066.21,4,3,Logistical delays
331376db,Flood Preparedness and Early Warning Awareness Drives,Charaideo Village,Charaideo,Assam,2025-04-14,71,Veltrix Global Solutions,Assam NGO,138.9,"M: 54%, F: 46%",684,281765.98,131784.38,4,3,No major issues
250a5648,Flood Preparedness and Early Warning Awareness Drives,South Salmara Village,South Salmara,Assam,2025-04-13,54,Veltrix Global Solutions,Assam NGO,268.34,"M: 54%, F: 46%",954,438941.6,84936.85,3,5,No major issues
a989f9ce,Flood Preparedness and Early Warning Awareness Drives,West Karbi Anglong Village,West Karbi Anglong,Assam,2025-04-16,56,Veltrix Global Solutions,Assam NGO,86.39,"M: 59%, F: 41%",769,225206.88,162842.82,4,4,Heavy rainfall affected turnout
f6b3c049,Flood Preparedness and Early Warning Awareness Drives,Tamulpur Village,Tamulpur,Assam,2025-04-13,52,Veltrix Global Solutions,Assam NGO,114.56,"M: 44%, F: 56%",484,281020.63,240537.19,3,4,No major issues
aada913e,Flood Preparedness and Early Warning Awareness Drives,Barpeta Village,Barpeta,Assam,2025-03-27,91,Veltrix Global Solutions,Assam NGO,280.11,"M: 50%, F: 50%",878,180092.14,436653.61,4,3,Logistical delays
d437f14b,Flood Preparedness and Early Warning Awareness Drives,North Cachar Hills Village,North Cachar Hills,Assam,2025-03-10,12,Veltrix Global Solutions,Assam NGO,371.95,"M: 58%, F: 42%",476,445498.74,67592.11,3,4,No major issues
f3374c75,Flood Preparedness and Early Warning Awareness Drives,Rangia Village,Rangia,Assam,2025-02-26,55,Veltrix Global Solutions,Assam NGO,124.94,"M: 52%, F: 48%",170,317224.68,266671.68,5,3,No major issues
3036c881,Flood Preparedness and Early Warning Awareness Drives,Tezpur Village,Tezpur,Assam,2025-02-16,66,Veltrix Global Solutions,Assam NGO,402.14,"M: 54%, F: 46%",179,332897.57,335293.34,5,4,Heavy rainfall affected turnout
b0ea183b,Flood Preparedness and Early Warning Awareness Drives,Pathsala Village,Pathsala,Assam,2025-03-12,49,Veltrix Global Solutions,Assam NGO,420.29,"M: 44%, F: 56%",328,403307.64,83071.7,4,3,Heavy rainfall affected turnout
29a8538f,Flood Preparedness and Early Warning Awareness Drives,Mangaldoi Village,Mangaldoi,Assam,2025-02-09,38,Veltrix Global Solutions,Assam NGO,456.96,"M: 40%, F: 60%",203,213148.55,68966.19,4,5,Logistical delays
ed26651c,Flood Preparedness and Early Warning Awareness Drives,Diphu Village,Diphu,Assam,2025-04-17,26,Veltrix Global Solutions,Assam NGO,376.93,"M: 53%, F: 47%",127,258012.07,402061.19,5,4,Heavy rainfall affected turnout
09c95f04,Flood Preparedness and Early Warning Awareness Drives,Guwahati Village,Guwahati,Assam,2025-04-19,60,Veltrix Global Solutions,Assam NGO,291.8,"M: 60%, F: 40%",593,402222.56,185862.69,3,5,Logistical delays
2a1be8a2,Flood Preparedness and Early Warning Awareness Drives,Silchar Village,Silchar,Assam,2025-04-20,42,Veltrix Global Solutions,Assam NGO,330.39,"M: 45%, F: 55%",453,180190.54,449909.56,3,5,No major issues
c31bd057,Flood Preparedness and Early Warning Awareness Drives,Mariani Village,Mariani,Assam,2025-05-04,73,Veltrix Global Solutions,Assam NGO,381.11,"M: 40%, F: 60%",680,212421.7,273727.12,5,5,Logistical delays
a5746a60,Flood Preparedness and Early Warning Awareness Drives,Sibsagar Village,Sibsagar,Assam,2025-03-23,65,Veltrix Global Solutions,Assam NGO,105.68,"M: 55%, F: 45%",825,283926.68,315616.89,5,5,Logistical delays
fa9da209,Flood Preparedness and Early Warning Awareness Drives,Nazira Village,Nazira,Assam,2025-04-10,97,Veltrix Global Solutions,Assam NGO,376.62,"M: 45%, F: 55%",938,368606.12,118938.39,3,3,No major issues
4264de6b,Flood Preparedness and Early Warning Awareness Drives,Titabor Village,Titabor,Assam,2025-04-07,12,Veltrix Global Solutions,Assam NGO,461.03,"M: 42%, F: 58%",578,136910.6,140697.12,3,3,No major issues
2deb36bb,Flood Preparedness and Early Warning Awareness Drives,Dergaon Village,Dergaon,Assam,2025-03-21,98,Veltrix Global Solutions,Assam NGO,50.92,"M: 51%, F: 49%",563,61414.29,97058.8,5,5,No major issues
242b734a,Flood Preparedness and Early Warning Awareness Drives,Golakganj Village,Golakganj,Assam,2025-02-15,59,Veltrix Global Solutions,Assam NGO,205.53,"M: 55%, F: 45%",887,325365.78,399252.59,4,3,No major issues
d5a5129e,Riverbank and Wetland Restoration Campaigns,Kolkata Village,Kolkata,West Bengal,2025-05-13,21,Noventra Technologies Inc.,WB NGO,432.55,"M: 53%, F: 47%",276,499760.71,370079.69,4,5,No major issues
0fb38819,Riverbank and Wetland Restoration Campaigns,North 24 Parganas Village,North 24 Parganas,West Bengal,2025-03-24,80,Noventra Technologies Inc.,WB NGO,440.37,"M: 48%, F: 52%",100,80950.32,486510.15,5,5,Logistical delays
28eff16d,Riverbank and Wetland Restoration Campaigns,South 24 Parganas Village,South 24 Parganas,West Bengal,2025-05-12,97,Noventra Technologies Inc.,WB NGO,351.06,"M: 59%, F: 41%",114,465237.99,342982.54,4,3,No major issues
51680240,Riverbank and Wetland Restoration Campaigns,Howrah Village,Howrah,West Bengal,2025-02-13,63,Noventra Technologies Inc.,WB NGO,51.4,"M: 60%, F: 40%",335,71135.5,271417.79,5,3,No major issues
2f16c289,Riverbank and Wetland Restoration Campaigns,Hooghly Village,Hooghly,West Bengal,2025-05-06,78,Noventra Technologies Inc.,WB NGO,369.64,"M: 60%, F: 40%",937,287237.93,392845.68,4,4,Logistical delays
768a4b41,Riverbank and Wetland Restoration Campaigns,Nadia Village,Nadia,West Bengal,2025-04-07,40,Noventra Technologies Inc.,WB NGO,181.65,"M: 50%, F: 50%",825,433137.7,139256.59,5,5,No major issues
76f84851,Riverbank and Wetland Restoration Campaigns,Murshidabad Village,Murshidabad,West Bengal,2025-03-02,91,Noventra Technologies Inc.,WB NGO,497.99,"M: 50%, F: 50%",924,324478.17,398299.39,5,3,Heavy rainfall affected turnout
9dc38f17,Riverbank and Wetland Restoration Campaigns,Malda Village,Malda,West Bengal,2025-02-21,17,Noventra Technologies Inc.,WB NGO,315.79,"M: 44%, F: 56%",785,316418.31,441180.13,4,5,Heavy rainfall affected turnout
78060d35,Riverbank and Wetland Restoration Campaigns,Cooch Behar Village,Cooch Behar,West Bengal,2025-02-20,32,Noventra Technologies Inc.,WB NGO,139.64,"M: 55%, F: 45%",437,421097.24,200956.99,5,3,No major issues
65859645,Riverbank and Wetland Restoration Campaigns,Alipurduar Village,Alipurduar,West Bengal,2025-05-10,86,Noventra Technologies Inc.,WB NGO,271.11,"M: 59%, F: 41%",466,107809.58,212369.22,5,3,Heavy rainfall affected turnout
6d0e6f37,Riverbank and Wetland Restoration Campaigns,Jalpaiguri Village,Jalpaiguri,West Bengal,2025-02-12,22,Noventra Technologies Inc.,WB NGO,348.19,"M: 49%, F: 51%",701,227118.4,298247.77,4,5,Heavy rainfall affected turnout
b7400172,Riverbank and Wetland Restoration Campaigns,Darjeeling Village,Darjeeling,West Bengal,2025-02-12,30,Noventra Technologies Inc.,WB NGO,385.66,"M: 53%, F: 47%",685,337154.17,384123.61,3,4,Logistical delays
0f169ada,Riverbank and Wetland Restoration Campaigns,Kalimpong Village,Kalimpong,West Bengal,2025-05-17,99,Noventra Technologies Inc.,WB NGO,371.91,"M: 57%, F: 43%",351,388777.3,158644.82,4,4,No major issues
58968ede,Riverbank and Wetland Restoration Campaigns,Birbhum Village,Birbhum,West Bengal,2025-03-06,25,Noventra Technologies Inc.,WB NGO,222.87,"M: 51%, F: 49%",850,178425.93,44448.62,4,3,Heavy rainfall affected turnout
9da69128,Riverbank and Wetland Restoration Campaigns,Bankura Village,Bankura,West Bengal,2025-04-04,54,Noventra Technologies Inc.,WB NGO,437.1,"M: 47%, F: 53%",680,109726.23,184740.73,4,3,Heavy rainfall affected turnout
d3811bbb,Riverbank and Wetland Restoration Campaigns,Purulia Village,Purulia,West Bengal,2025-03-27,86,Noventra Technologies Inc.,WB NGO,475.17,"M: 55%, F: 45%",306,329656.27,350761.63,3,4,Logistical delays
4b39a825,Riverbank and Wetland Restoration Campaigns,Bardhaman Village,Bardhaman,West Bengal,2025-05-18,17,Noventra Technologies Inc.,WB NGO,64.7,"M: 47%, F: 53%",229,402494.28,45219.4,4,4,Logistical delays
ba70af03,Riverbank and Wetland Restoration Campaigns,Paschim Medinipur Village,Paschim Medinipur,West Bengal,2025-03-23,30,Noventra Technologies Inc.,WB NGO,485.07,"M: 52%, F: 48%",871,464956.41,454463.99,3,4,Logistical delays
6183e316,Riverbank and Wetland Restoration Campaigns,Purba Medinipur Village,Purba Medinipur,West Bengal,2025-05-11,25,Noventra Technologies Inc.,WB NGO,233.9,"M: 42%, F: 58%",675,456427.86,359007.9,5,3,Heavy rainfall affected turnout
5e4bf05f,Riverbank and Wetland Restoration Campaigns,Jhargram Village,Jhargram,West Bengal,2025-02-22,38,Noventra Technologies Inc.,WB NGO,231.03,"M: 40%, F: 60%",577,375922.67,443333.55,4,4,Logistical delays
7cb59c32,Riverbank and Wetland Restoration Campaigns,North Dinajpur Village,North Dinajpur,West Bengal,2025-05-16,65,Noventra Technologies Inc.,WB NGO,420.82,"M: 43%, F: 57%",316,214087.98,325793.58,3,4,Heavy rainfall affected turnout
f653b52f,Riverbank and Wetland Restoration Campaigns,South Dinajpur Village,South Dinajpur,West Bengal,2025-04-18,36,Noventra Technologies Inc.,WB NGO,193.3,"M: 40%, F: 60%",623,169124.3,215566.5,4,4,Heavy rainfall affected turnout
2f6cc238,Riverbank and Wetland Restoration Campaigns,Siliguri Village,Siliguri,West Bengal,2025-03-27,56,Noventra Technologies Inc.,WB NGO,57.98,"M: 55%, F: 45%",770,222487.68,74487.77,4,3,Heavy rainfall affected turnout
ceeac4f6,Riverbank and Wetland Restoration Campaigns,Rampurhat Village,Rampurhat,West Bengal,2025-02-23,72,Noventra Technologies Inc.,WB NGO,489.49,"M: 50%, F: 50%",784,134073.98,481278.99,5,4,Heavy rainfall affected turnout
86ec6a93,Riverbank and Wetland Restoration Campaigns,Bolpur Village,Bolpur,West Bengal,2025-03-01,41,Noventra Technologies Inc.,WB NGO,419.97,"M: 55%, F: 45%",1000,185504.94,73423.55,4,4,Heavy rainfall affected turnout
63c112ac,Riverbank and Wetland Restoration Campaigns,Tamluk Village,Tamluk,West Bengal,2025-03-28,93,Noventra Technologies Inc.,WB NGO,63.35,"M: 55%, F: 45%",694,239519.33,473252.62,3,5,No major issues
311776b9,Riverbank and Wetland Restoration Campaigns,Barasat Village,Barasat,West Bengal,2025-04-25,78,Noventra Technologies Inc.,WB NGO,173.51,"M: 44%, F: 56%",745,364932.94,154160.52,3,5,Logistical delays
a6cd79bf,Riverbank and Wetland Restoration Campaigns,Basirhat Village,Basirhat,West Bengal,2025-04-07,46,Noventra Technologies Inc.,WB NGO,440.74,"M: 60%, F: 40%",811,136751.28,375322.33,5,4,Logistical delays
b7ad3efa,Riverbank and Wetland Restoration Campaigns,Bongaon Village,Bongaon,West Bengal,2025-04-07,43,Noventra Technologies Inc.,WB NGO,72.96,"M: 41%, F: 59%",987,241856.57,438395.73,5,5,Logistical delays
61cf3f37,Riverbank and Wetland Restoration Campaigns,Barrackpore Village,Barrackpore,West Bengal,2025-04-10,23,Noventra Technologies Inc.,WB NGO,476.3,"M: 41%, F: 59%",315,181466.64,319446.4,3,4,Heavy rainfall affected turnout
da12ece6,Riverbank and Wetland Restoration Campaigns,Asansol Village,Asansol,West Bengal,2025-03-16,27,Noventra Technologies Inc.,WB NGO,165.72,"M: 44%, F: 56%",657,310616.69,403054.68,5,3,No major issues
395bf410,Riverbank and Wetland Restoration Campaigns,Durgapur Village,Durgapur,West Bengal,2025-02-19,75,Noventra Technologies Inc.,WB NGO,314.33,"M: 55%, F: 45%",549,335811.33,325278.82,4,5,Logistical delays
8bc0dc43,Riverbank and Wetland Restoration Campaigns,Kharagpur Village,Kharagpur,West Bengal,2025-04-05,30,Noventra Technologies Inc.,WB NGO,90.27,"M: 58%, F: 42%",525,290773.15,447727.62,3,4,Heavy rainfall affected turnout
4cfc85eb,Riverbank and Wetland Restoration Campaigns,Haldia Village,Haldia,West Bengal,2025-04-20,83,Noventra Technologies Inc.,WB NGO,434.39,"M: 52%, F: 48%",843,210629.77,91454.76,5,4,Logistical delays
bc03dc83,Riverbank and Wetland Restoration Campaigns,Krishnanagar Village,Krishnanagar,West Bengal,2025-03-25,35,Noventra Technologies Inc.,WB NGO,307.09,"M: 45%, F: 55%",404,334856.01,162285.31,5,3,Logistical delays
7921c965,Riverbank and Wetland Restoration Campaigns,Baharampur Village,Baharampur,West Bengal,2025-02-24,99,Noventra Technologies Inc.,WB NGO,184.34,"M: 44%, F: 56%",252,125685.56,429801.38,5,5,No major issues
ed60bf0b,Riverbank and Wetland Restoration Campaigns,Raiganj Village,Raiganj,West Bengal,2025-05-07,91,Noventra Technologies Inc.,WB NGO,179.23,"M: 40%, F: 60%",910,370801.2,366144.56,3,5,Logistical delays
dbc12254,Riverbank and Wetland Restoration Campaigns,Balurghat Village,Balurghat,West Bengal,2025-04-27,35,Noventra Technologies Inc.,WB NGO,264.26,"M: 53%, F: 47%",217,178884.97,135792.66,5,3,No major issues
10f9baff,Riverbank and Wetland Restoration Campaigns,Mathabhanga Village,Mathabhanga,West Bengal,2025-04-05,24,Noventra Technologies Inc.,WB NGO,407.7,"M: 46%, F: 54%",743,465441.18,328052.8,3,5,Heavy rainfall affected turnout
bbadd883,Riverbank and Wetland Restoration Campaigns,Kumargram Village,Kumargram,West Bengal,2025-04-16,86,Noventra Technologies Inc.,WB NGO,107.84,"M: 60%, F: 40%",601,234906.83,94032.89,3,3,No major issues
9d0a0fc0,Riverbank and Wetland Restoration Campaigns,Domkal Village,Domkal,West Bengal,2025-04-08,36,Noventra Technologies Inc.,WB NGO,199.56,"M: 41%, F: 59%",969,488030.77,107404.46,3,5,No major issues
96b4f8f1,Riverbank and Wetland Restoration Campaigns,Ranaghat Village,Ranaghat,West Bengal,2025-04-14,51,Noventra Technologies Inc.,WB NGO,107.2,"M: 44%, F: 56%",688,156981.81,393085.14,3,3,No major issues
8b814ec5,Riverbank and Wetland Restoration Campaigns,Hingalganj Village,Hingalganj,West Bengal,2025-04-16,81,Noventra Technologies Inc.,WB NGO,235.72,"M: 55%, F: 45%",880,441471.26,498004.72,5,5,Heavy rainfall affected turnout
3b9f1f5c,Riverbank and Wetland Restoration Campaigns,Diamond Harbour Village,Diamond Harbour,West Bengal,2025-03-07,46,Noventra Technologies Inc.,WB NGO,130.98,"M: 54%, F: 46%",722,443046.39,485061.45,4,5,No major issues
5146e7bd,Riverbank and Wetland Restoration Campaigns,Budge Budge Village,Budge Budge,West Bengal,2025-04-03,20,Noventra Technologies Inc.,WB NGO,67.72,"M: 56%, F: 44%",771,252951.94,411945.79,5,3,No major issues
0bcd1ca1,Riverbank and Wetland Restoration Campaigns,Uluberia Village,Uluberia,West Bengal,2025-03-31,82,Noventra Technologies Inc.,WB NGO,320.08,"M: 45%, F: 55%",928,296996.33,43092.17,5,3,Logistical delays
c96e1f47,Riverbank and Wetland Restoration Campaigns,Bally Village,Bally,West Bengal,2025-02-09,44,Noventra Technologies Inc.,WB NGO,389.73,"M: 47%, F: 53%",385,100509.63,124061.46,5,3,Heavy rainfall affected turnout
3b439e37,Riverbank and Wetland Restoration Campaigns,Kandi Village,Kandi,West Bengal,2025-04-06,52,Noventra Technologies Inc.,WB NGO,343.52,"M: 41%, F: 59%",100,186150.87,359563.16,4,4,Heavy rainfall affected turnout
289b1faa,Riverbank and Wetland Restoration Campaigns,Tufanganj Village,Tufanganj,West Bengal,2025-05-19,47,Noventra Technologies Inc.,WB NGO,139.33,"M: 41%, F: 59%",422,134180.24,430612.69,4,4,Heavy rainfall affected turnout
9b2d6aed,Riverbank and Wetland Restoration Campaigns,Raghunathganj Village,Raghunathganj,West Bengal,2025-05-12,43,Noventra Technologies Inc.,WB NGO,272.9,"M: 60%, F: 40%",978,377490.67,100640.76,3,3,No major issues
42c5e1c7,Tree Plantation Drive,Barmer Village,Barmer,Rajasthan,2025-04-19,58,Aurevia International Holdings,Rajasthan NGO,133.12,"M: 44%, F: 56%",235,474047.92,209928.28,5,4,Heavy rainfall affected turnout
9fc3aa6b,Tree Plantation Drive,Jaisalmer Village,Jaisalmer,Rajasthan,2025-04-21,10,Aurevia International Holdings,Rajasthan NGO,404.09,"M: 47%, F: 53%",568,283978.89,390906.29,5,3,No major issues
a173f562,Tree Plantation Drive,Bikaner Village,Bikaner,Rajasthan,2025-02-19,83,Aurevia International Holdings,Rajasthan NGO,283.5,"M: 49%, F: 51%",579,89458.23,372995.4,5,4,No major issues
58950eed,Tree Plantation Drive,Churu Village,Churu,Rajasthan,2025-03-16,25,Aurevia International Holdings,Rajasthan NGO,272.03,"M: 48%, F: 52%",136,244256.53,44484.64,3,4,Logistical delays
78fae989,Tree Plantation Drive,Nagaur Village,Nagaur,Rajasthan,2025-03-05,49,Aurevia International Holdings,Rajasthan NGO,301.66,"M: 45%, F: 55%",554,480295.98,278015.78,4,4,Heavy rainfall affected turnout
6c7292cd,Tree Plantation Drive,Pali Village,Pali,Rajasthan,2025-05-17,76,Aurevia International Holdings,Rajasthan NGO,152.0,"M: 58%, F: 42%",138,77520.7,343676.37,5,3,Logistical delays
09aca85b,Tree Plantation Drive,Ajmer Village,Ajmer,Rajasthan,2025-05-18,95,Aurevia International Holdings,Rajasthan NGO,488.32,"M: 48%, F: 52%",284,247454.49,346488.45,5,5,Heavy rainfall affected turnout
dc5bf4d3,Tree Plantation Drive,Tonk Village,Tonk,Rajasthan,2025-03-21,68,Aurevia International Holdings,Rajasthan NGO,293.07,"M: 60%, F: 40%",782,194883.18,94039.25,5,4,Logistical delays
315baf00,Tree Plantation Drive,Jhunjhunu Village,Jhunjhunu,Rajasthan,2025-04-06,37,Aurevia International Holdings,Rajasthan NGO,222.57,"M: 47%, F: 53%",436,279930.08,89050.77,5,3,No major issues
dc3d5a76,Tree Plantation Drive,Sikar Village,Sikar,Rajasthan,2025-02-14,76,Aurevia International Holdings,Rajasthan NGO,367.97,"M: 47%, F: 53%",805,55876.63,469676.95,3,5,Heavy rainfall affected turnout
dc3b2238,Tree Plantation Drive,Jaipur Village,Jaipur,Rajasthan,2025-03-31,70,Aurevia International Holdings,Rajasthan NGO,123.87,"M: 52%, F: 48%",660,132119.94,362698.8,5,3,No major issues
4665c729,Tree Plantation Drive,Jodhpur Village,Jodhpur,Rajasthan,2025-05-09,12,Aurevia International Holdings,Rajasthan NGO,165.44,"M: 51%, F: 49%",592,127887.36,328161.26,5,4,No major issues
15d23665,Tree Plantation Drive,Alwar Village,Alwar,Rajasthan,2025-04-08,50,Aurevia International Holdings,Rajasthan NGO,390.12,"M: 57%, F: 43%",420,462588.44,454864.93,3,3,Logistical delays
857490ee,Tree Plantation Drive,Bhilwara Village,Bhilwara,Rajasthan,2025-03-31,55,Aurevia International Holdings,Rajasthan NGO,422.83,"M: 54%, F: 46%",527,141951.84,203205.0,5,4,Heavy rainfall affected turnout
86455293,Tree Plantation Drive,Banswara Village,Banswara,Rajasthan,2025-02-28,49,Aurevia International Holdings,Rajasthan NGO,288.64,"M: 53%, F: 47%",492,161932.18,398489.12,4,5,Logistical delays
27393047,Tree Plantation Drive,Bundi Village,Bundi,Rajasthan,2025-04-11,58,Aurevia International Holdings,Rajasthan NGO,259.79,"M: 56%, F: 44%",216,244984.21,253909.47,4,5,Logistical delays
3309121d,Tree Plantation Drive,Dausa Village,Dausa,Rajasthan,2025-04-29,17,Aurevia International Holdings,Rajasthan NGO,132.68,"M: 51%, F: 49%",459,65305.17,98966.11,3,5,Logistical delays
40b5b482,Tree Plantation Drive,Dholpur Village,Dholpur,Rajasthan,2025-05-07,38,Aurevia International Holdings,Rajasthan NGO,139.65,"M: 52%, F: 48%",846,345583.29,247993.15,5,4,Heavy rainfall affected turnout
bd8b0ce0,Tree Plantation Drive,Dungarpur Village,Dungarpur,Rajasthan,2025-04-20,81,Aurevia International Holdings,Rajasthan NGO,67.05,"M: 42%, F: 58%",391,258803.54,215013.75,3,4,Heavy rainfall affected turnout
14f4b0ce,Tree Plantation Drive,Hanumangarh Village,Hanumangarh,Rajasthan,2025-02-18,23,Aurevia International Holdings,Rajasthan NGO,427.12,"M: 50%, F: 50%",755,96825.2,255576.93,3,4,Heavy rainfall affected turnout
2964bff0,Tree Plantation Drive,Jhalawar Village,Jhalawar,Rajasthan,2025-02-24,31,Aurevia International Holdings,Rajasthan NGO,212.46,"M: 60%, F: 40%",985,494898.5,48569.76,4,5,Logistical delays
02072b22,Tree Plantation Drive,Karauli Village,Karauli,Rajasthan,2025-03-08,94,Aurevia International Holdings,Rajasthan NGO,127.77,"M: 49%, F: 51%",748,211861.66,418243.37,5,5,Heavy rainfall affected turnout
4f619e68,Tree Plantation Drive,Kota Village,Kota,Rajasthan,2025-03-21,14,Aurevia International Holdings,Rajasthan NGO,358.19,"M: 57%, F: 43%",137,179786.82,386474.29,3,3,Logistical delays
7302dd9f,Tree Plantation Drive,Pratapgarh Village,Pratapgarh,Rajasthan,2025-02-14,83,Aurevia International Holdings,Rajasthan NGO,163.62,"M: 45%, F: 55%",955,389057.91,69800.91,5,3,No major issues
3156240d,Tree Plantation Drive,Rajsamand Village,Rajsamand,Rajasthan,2025-03-02,99,Aurevia International Holdings,Rajasthan NGO,232.67,"M: 43%, F: 57%",448,289291.81,387707.25,5,3,Logistical delays
cab81b37,Tree Plantation Drive,Sawai Madhopur Village,Sawai Madhopur,Rajasthan,2025-05-10,73,Aurevia International Holdings,Rajasthan NGO,491.62,"M: 58%, F: 42%",116,234983.95,184808.36,5,3,Heavy rainfall affected turnout
30bb6b88,Tree Plantation Drive,Sirohi Village,Sirohi,Rajasthan,2025-04-11,28,Aurevia International Holdings,Rajasthan NGO,52.73,"M: 58%, F: 42%",194,131171.21,179276.1,4,5,Logistical delays
f50d1620,Tree Plantation Drive,Udaipur Village,Udaipur,Rajasthan,2025-03-13,52,Aurevia International Holdings,Rajasthan NGO,50.4,"M: 44%, F: 56%",189,370585.47,348038.95,5,5,Heavy rainfall affected turnout
c2797429,Tree Plantation Drive,Baran Village,Baran,Rajasthan,2025-03-04,68,Aurevia International Holdings,Rajasthan NGO,444.87,"M: 47%, F: 53%",101,170659.13,405457.1,4,3,Heavy rainfall affected turnout
f3210e23,Tree Plantation Drive,Chittorgarh Village,Chittorgarh,Rajasthan,2025-03-11,79,Aurevia International Holdings,Rajasthan NGO,172.8,"M: 53%, F: 47%",950,298238.29,464010.64,3,5,Logistical delays
bae187ec,Tree Plantation Drive,Sri Ganganagar Village,Sri Ganganagar,Rajasthan,2025-02-12,90,Aurevia International Holdings,Rajasthan NGO,338.38,"M: 60%, F: 40%",841,53886.09,422413.39,3,5,Logistical delays
e60323ce,Tree Plantation Drive,Beawar Village,Beawar,Rajasthan,2025-03-03,54,Aurevia International Holdings,Rajasthan NGO,166.79,"M: 42%, F: 58%",312,282013.18,91129.19,4,5,Logistical delays
127fb928,Tree Plantation Drive,Phalodi Village,Phalodi,Rajasthan,2025-05-09,10,Aurevia International Holdings,Rajasthan NGO,212.91,"M: 52%, F: 48%",144,164081.59,491191.12,3,3,Heavy rainfall affected turnout
8fee65f5,Tree Plantation Drive,Nokha Village,Nokha,Rajasthan,2025-02-16,76,Aurevia International Holdings,Rajasthan NGO,449.17,"M: 41%, F: 59%",180,91159.75,226117.45,5,3,No major issues
0c1879cd,Tree Plantation Drive,Kishangarh Village,Kishangarh,Rajasthan,2025-02-22,30,Aurevia International Holdings,Rajasthan NGO,84.09,"M: 55%, F: 45%",643,254532.12,315826.3,4,5,Logistical delays
aaa675a8,Tree Plantation Drive,Makrana Village,Makrana,Rajasthan,2025-04-07,22,Aurevia International Holdings,Rajasthan NGO,357.82,"M: 50%, F: 50%",826,178900.66,83059.86,5,5,Logistical delays
2685a0d2,Tree Plantation Drive,Didwana Village,Didwana,Rajasthan,2025-03-17,86,Aurevia International Holdings,Rajasthan NGO,85.82,"M: 54%, F: 46%",800,374314.52,345652.48,4,4,No major issues
d01f9384,Tree Plantation Drive,Losal Village,Losal,Rajasthan,2025-05-15,75,Aurevia International Holdings,Rajasthan NGO,365.95,"M: 46%, F: 54%",541,125101.19,224679.58,3,5,Heavy rainfall affected turnout
12bff278,Tree Plantation Drive,Neem Ka Thana Village,Neem Ka Thana,Rajasthan,2025-04-04,55,Aurevia International Holdings,Rajasthan NGO,113.12,"M: 43%, F: 57%",632,390230.96,426884.05,4,4,No major issues
46c47175,Tree Plantation Drive,Sujangarh Village,Sujangarh,Rajasthan,2025-03-03,39,Aurevia International Holdings,Rajasthan NGO,74.21,"M: 41%, F: 59%",796,111938.22,206082.5,4,3,Heavy rainfall affected turnout
17597500,Tree Plantation Drive,Taranagar Village,Taranagar,Rajasthan,2025-04-22,78,Aurevia International Holdings,Rajasthan NGO,124.21,"M: 51%, F: 49%",452,408235.02,381768.12,4,3,Heavy rainfall affected turnout
7d038fa1,Tree Plantation Drive,Sardarshahar Village,Sardarshahar,Rajasthan,2025-04-26,45,Aurevia International Holdings,Rajasthan NGO,135.96,"M: 46%, F: 54%",610,231229.68,465934.43,5,3,No major issues
39b0ae8c,Tree Plantation Drive,Nathdwara Village,Nathdwara,Rajasthan,2025-04-20,12,Aurevia International Holdings,Rajasthan NGO,389.77,"M: 45%, F: 55%",124,251158.09,163810.69,5,3,No major issues
975a3039,Tree Plantation Drive,Bhinmal Village,Bhinmal,Rajasthan,2025-03-25,66,Aurevia International Holdings,Rajasthan NGO,414.32,"M: 54%, F: 46%",843,294163.31,179531.07,5,5,Heavy rainfall affected turnout
edd24f2d,Tree Plantation Drive,Bali Village,Bali,Rajasthan,2025-05-19,60,Aurevia International Holdings,Rajasthan NGO,477.85,"M: 56%, F: 44%",376,404468.87,477054.05,3,4,No major issues
2b93f10b,Tree Plantation Drive,Jhalrapatan Village,Jhalrapatan,Rajasthan,2025-05-11,68,Aurevia International Holdings,Rajasthan NGO,158.7,"M: 44%, F: 56%",667,300958.38,497739.52,3,5,Heavy rainfall affected turnout
b65861ad,Tree Plantation Drive,Bari Village,Bari,Rajasthan,2025-03-21,77,Aurevia International Holdings,Rajasthan NGO,136.28,"M: 56%, F: 44%",542,182088.62,124842.94,5,4,Logistical delays
6eeaca49,Tree Plantation Drive,Bassi Village,Bassi,Rajasthan,2025-03-18,53,Aurevia International Holdings,Rajasthan NGO,216.37,"M: 48%, F: 52%",189,456941.94,348086.17,4,4,Heavy rainfall affected turnout
7e83627d,Tree Plantation Drive,Tijara Village,Tijara,Rajasthan,2025-05-03,10,Aurevia International Holdings,Rajasthan NGO,484.72,"M: 55%, F: 45%",507,476855.55,434892.25,3,3,Logistical delays
382a67cf,Tree Plantation Drive,Nimbahera Village,Nimbahera,Rajasthan,2025-03-01,59,Aurevia International Holdings,Rajasthan NGO,454.45,"M: 54%, F: 46%",793,349865.68,362602.67,5,4,Heavy rainfall affected turnout
3a6e61e3,Rainwater Harvesting Pits Installation Drive,Chennai Village,Chennai,Tamil Nadu,2025-05-17,72,Zentara Dynamics Corporation,Tamil NGO,276.73,"M: 58%, F: 42%",330,377318.47,423150.5,3,4,Heavy rainfall affected turnout
0df1522a,Rainwater Harvesting Pits Installation Drive,Coimbatore Village,Coimbatore,Tamil Nadu,2025-04-24,26,Zentara Dynamics Corporation,Tamil NGO,66.84,"M: 55%, F: 45%",540,346787.84,222561.7,4,3,Heavy rainfall affected turnout
5bc09a51,Rainwater Harvesting Pits Installation Drive,Salem Village,Salem,Tamil Nadu,2025-03-11,75,Zentara Dynamics Corporation,Tamil NGO,450.53,"M: 44%, F: 56%",464,468287.57,425800.48,5,5,Heavy rainfall affected turnout
5b8782f4,Rainwater Harvesting Pits Installation Drive,Namakkal Village,Namakkal,Tamil Nadu,2025-04-07,62,Zentara Dynamics Corporation,Tamil NGO,161.87,"M: 45%, F: 55%",867,279251.87,241798.42,3,5,Logistical delays
3a5a9a4c,Rainwater Harvesting Pits Installation Drive,Erode Village,Erode,Tamil Nadu,2025-02-20,53,Zentara Dynamics Corporation,Tamil NGO,408.5,"M: 60%, F: 40%",280,246755.93,262929.86,4,3,No major issues
b0aa5c15,Rainwater Harvesting Pits Installation Drive,Tiruppur Village,Tiruppur,Tamil Nadu,2025-04-13,25,Zentara Dynamics Corporation,Tamil NGO,176.22,"M: 56%, F: 44%",317,51412.54,256948.27,4,4,Logistical delays
330a162d,Rainwater Harvesting Pits Installation Drive,Karur Village,Karur,Tamil Nadu,2025-02-13,63,Zentara Dynamics Corporation,Tamil NGO,200.45,"M: 51%, F: 49%",977,256958.74,134398.53,4,4,Logistical delays
9a964aac,Rainwater Harvesting Pits Installation Drive,Dindigul Village,Dindigul,Tamil Nadu,2025-03-27,44,Zentara Dynamics Corporation,Tamil NGO,315.85,"M: 43%, F: 57%",206,185528.79,62837.53,3,4,No major issues
1cfbcf10,Rainwater Harvesting Pits Installation Drive,Madurai Village,Madurai,Tamil Nadu,2025-04-09,78,Zentara Dynamics Corporation,Tamil NGO,184.26,"M: 51%, F: 49%",626,164885.2,346282.4,5,4,No major issues
637df07e,Rainwater Harvesting Pits Installation Drive,Ramanathapuram Village,Ramanathapuram,Tamil Nadu,2025-02-22,16,Zentara Dynamics Corporation,Tamil NGO,139.44,"M: 40%, F: 60%",379,175438.46,414203.32,3,5,No major issues
aef3562b,Rainwater Harvesting Pits Installation Drive,Virudhunagar Village,Virudhunagar,Tamil Nadu,2025-02-16,66,Zentara Dynamics Corporation,Tamil NGO,252.4,"M: 60%, F: 40%",240,189762.85,214810.66,4,4,Heavy rainfall affected turnout
784f3569,Rainwater Harvesting Pits Installation Drive,Theni Village,Theni,Tamil Nadu,2025-03-22,37,Zentara Dynamics Corporation,Tamil NGO,272.6,"M: 56%, F: 44%",748,248880.84,394806.38,4,4,Heavy rainfall affected turnout
48ca4877,Rainwater Harvesting Pits Installation Drive,Sivaganga Village,Sivaganga,Tamil Nadu,2025-04-27,65,Zentara Dynamics Corporation,Tamil NGO,492.77,"M: 48%, F: 52%",175,311142.83,121212.66,3,4,Heavy rainfall affected turnout
af3d57dd,Rainwater Harvesting Pits Installation Drive,Thanjavur Village,Thanjavur,Tamil Nadu,2025-04-23,41,Zentara Dynamics Corporation,Tamil NGO,121.79,"M: 43%, F: 57%",909,418237.31,335315.85,3,3,Heavy rainfall affected turnout
7c1dd882,Rainwater Harvesting Pits Installation Drive,Tiruchirappalli Village,Tiruchirappalli,Tamil Nadu,2025-05-12,32,Zentara Dynamics Corporation,Tamil NGO,136.21,"M: 46%, F: 54%",197,173043.88,175851.84,4,4,Heavy rainfall affected turnout
bac3dcfe,Rainwater Harvesting Pits Installation Drive,Nagapattinam Village,Nagapattinam,Tamil Nadu,2025-04-17,50,Zentara Dynamics Corporation,Tamil NGO,216.05,"M: 48%, F: 52%",511,256492.14,259229.52,3,5,Logistical delays
b753bc9c,Rainwater Harvesting Pits Installation Drive,Cuddalore Village,Cuddalore,Tamil Nadu,2025-04-14,59,Zentara Dynamics Corporation,Tamil NGO,119.1,"M: 60%, F: 40%",525,300307.83,236585.43,4,3,Logistical delays
fd89f2bc,Rainwater Harvesting Pits Installation Drive,Villupuram Village,Villupuram,Tamil Nadu,2025-04-29,91,Zentara Dynamics Corporation,Tamil NGO,369.77,"M: 49%, F: 51%",206,375426.46,118141.98,5,4,No major issues
dd70325f,Rainwater Harvesting Pits Installation Drive,Kanchipuram Village,Kanchipuram,Tamil Nadu,2025-03-18,82,Zentara Dynamics Corporation,Tamil NGO,161.73,"M: 56%, F: 44%",588,288746.3,241070.92,3,5,Heavy rainfall affected turnout
bbc6cb45,Rainwater Harvesting Pits Installation Drive,Tiruvallur Village,Tiruvallur,Tamil Nadu,2025-02-13,66,Zentara Dynamics Corporation,Tamil NGO,188.25,"M: 42%, F: 58%",507,477432.15,365102.64,3,5,Heavy rainfall affected turnout
aee4fab7,Rainwater Harvesting Pits Installation Drive,Vellore Village,Vellore,Tamil Nadu,2025-04-18,91,Zentara Dynamics Corporation,Tamil NGO,50.06,"M: 50%, F: 50%",833,457988.41,496797.3,5,3,Logistical delays
db153441,Rainwater Harvesting Pits Installation Drive,Ranipet Village,Ranipet,Tamil Nadu,2025-04-13,30,Zentara Dynamics Corporation,Tamil NGO,130.13,"M: 44%, F: 56%",308,97198.73,493321.05,5,4,Logistical delays
14af585b,Rainwater Harvesting Pits Installation Drive,Tiruvannamalai Village,Tiruvannamalai,Tamil Nadu,2025-04-16,72,Zentara Dynamics Corporation,Tamil NGO,430.73,"M: 48%, F: 52%",713,234485.82,247730.93,5,5,Logistical delays
dde2f8fb,Rainwater Harvesting Pits Installation Drive,Ariyalur Village,Ariyalur,Tamil Nadu,2025-03-14,36,Zentara Dynamics Corporation,Tamil NGO,393.06,"M: 57%, F: 43%",541,99510.23,278290.0,3,3,Heavy rainfall affected turnout
b99bfb0d,Rainwater Harvesting Pits Installation Drive,Perambalur Village,Perambalur,Tamil Nadu,2025-03-05,25,Zentara Dynamics Corporation,Tamil NGO,201.75,"M: 50%, F: 50%",113,284735.14,325704.95,5,5,No major issues
a80c3720,Rainwater Harvesting Pits Installation Drive,Dharmapuri Village,Dharmapuri,Tamil Nadu,2025-03-07,76,Zentara Dynamics Corporation,Tamil NGO,400.89,"M: 48%, F: 52%",895,357778.72,153238.21,4,4,No major issues
f21f95d6,Rainwater Harvesting Pits Installation Drive,Krishnagiri Village,Krishnagiri,Tamil Nadu,2025-03-11,30,Zentara Dynamics Corporation,Tamil NGO,116.71,"M: 55%, F: 45%",681,145474.75,120314.8,3,4,Logistical delays
59464de5,Rainwater Harvesting Pits Installation Drive,The Nilgiris Village,The Nilgiris,Tamil Nadu,2025-04-10,63,Zentara Dynamics Corporation,Tamil NGO,154.99,"M: 52%, F: 48%",572,358309.23,352458.92,3,4,Logistical delays
9e49ef57,Rainwater Harvesting Pits Installation Drive,Pudukkottai Village,Pudukkottai,Tamil Nadu,2025-05-08,19,Zentara Dynamics Corporation,Tamil NGO,440.45,"M: 51%, F: 49%",493,390355.55,456078.72,4,5,Logistical delays
a3b19e12,Rainwater Harvesting Pits Installation Drive,Mayiladuthurai Village,Mayiladuthurai,Tamil Nadu,2025-02-24,69,Zentara Dynamics Corporation,Tamil NGO,488.05,"M: 44%, F: 56%",762,249018.65,399956.05,3,4,Logistical delays
1f74f826,Rainwater Harvesting Pits Installation Drive,Tenkasi Village,Tenkasi,Tamil Nadu,2025-05-13,57,Zentara Dynamics Corporation,Tamil NGO,119.74,"M: 59%, F: 41%",124,229915.63,44989.65,5,3,Logistical delays
40261b46,Rainwater Harvesting Pits Installation Drive,Kallakurichi Village,Kallakurichi,Tamil Nadu,2025-04-30,31,Zentara Dynamics Corporation,Tamil NGO,102.22,"M: 40%, F: 60%",616,439523.55,388601.63,3,5,No major issues
6ff73e1d,Rainwater Harvesting Pits Installation Drive,Tirunelveli Village,Tirunelveli,Tamil Nadu,2025-04-04,16,Zentara Dynamics Corporation,Tamil NGO,228.54,"M: 41%, F: 59%",331,218148.46,469429.16,3,5,Logistical delays
fd343395,Rainwater Harvesting Pits Installation Drive,Thoothukudi Village,Thoothukudi,Tamil Nadu,2025-03-24,88,Zentara Dynamics Corporation,Tamil NGO,101.12,"M: 50%, F: 50%",202,207387.04,126125.23,3,4,No major issues
35c18f75,Rainwater Harvesting Pits Installation Drive,Nagapattinam Village,Nagapattinam,Tamil Nadu,2025-04-27,34,Zentara Dynamics Corporation,Tamil NGO,279.95,"M: 46%, F: 54%",270,65829.71,86469.36,3,5,Heavy rainfall affected turnout
b305a8ca,Rainwater Harvesting Pits Installation Drive,Chengalpattu Village,Chengalpattu,Tamil Nadu,2025-04-17,37,Zentara Dynamics Corporation,Tamil NGO,245.62,"M: 55%, F: 45%",707,337282.08,494945.81,3,5,Heavy rainfall affected turnout
7b6226ae,Rainwater Harvesting Pits Installation Drive,Tirupathur Village,Tirupathur,Tamil Nadu,2025-03-28,58,Zentara Dynamics Corporation,Tamil NGO,252.37,"M: 43%, F: 57%",457,338895.87,260773.07,4,3,Logistical delays
bee6bccc,Rainwater Harvesting Pits Installation Drive,Avadi Village,Avadi,Tamil Nadu,2025-04-16,37,Zentara Dynamics Corporation,Tamil NGO,51.93,"M: 47%, F: 53%",278,126080.86,143540.88,3,4,Heavy rainfall affected turnout
00d098aa,Rainwater Harvesting Pits Installation Drive,Tambaram Village,Tambaram,Tamil Nadu,2025-02-10,62,Zentara Dynamics Corporation,Tamil NGO,285.95,"M: 42%, F: 58%",148,493811.73,273643.95,5,3,No major issues
c0f60894,Rainwater Harvesting Pits Installation Drive,Thiruvarur Village,Thiruvarur,Tamil Nadu,2025-04-29,76,Zentara Dynamics Corporation,Tamil NGO,152.18,"M: 42%, F: 58%",434,418518.43,50754.13,3,4,Heavy rainfall affected turnout
9d4fcbc0,Rainwater Harvesting Pits Installation Drive,Ambattur Village,Ambattur,Tamil Nadu,2025-04-08,14,Zentara Dynamics Corporation,Tamil NGO,386.12,"M: 60%, F: 40%",304,106605.17,106398.87,5,3,No major issues
eacdf1be,Rainwater Harvesting Pits Installation Drive,Nandivaram-Guduvancheri Village,Nandivaram-Guduvancheri,Tamil Nadu,2025-05-04,100,Zentara Dynamics Corporation,Tamil NGO,477.33,"M: 48%, F: 52%",546,124928.84,262013.08,3,4,Heavy rainfall affected turnout
54fe8992,Rainwater Harvesting Pits Installation Drive,Kumbakonam Village,Kumbakonam,Tamil Nadu,2025-03-03,21,Zentara Dynamics Corporation,Tamil NGO,411.73,"M: 58%, F: 42%",545,144078.46,77359.3,5,3,Heavy rainfall affected turnout
b2246d13,Rainwater Harvesting Pits Installation Drive,Tiruverumbur Village,Tiruverumbur,Tamil Nadu,2025-02-20,76,Zentara Dynamics Corporation,Tamil NGO,379.05,"M: 53%, F: 47%",294,461299.86,340341.95,4,4,Heavy rainfall affected turnout
402ed254,Rainwater Harvesting Pits Installation Drive,Alandur Village,Alandur,Tamil Nadu,2025-02-28,59,Zentara Dynamics Corporation,Tamil NGO,369.32,"M: 44%, F: 56%",983,182955.81,444603.13,5,3,Heavy rainfall affected turnout
639a407a,Rainwater Harvesting Pits Installation Drive,Ariyalur Village,Ariyalur,Tamil Nadu,2025-03-18,65,Zentara Dynamics Corporation,Tamil NGO,269.08,"M: 60%, F: 40%",126,294570.91,158068.92,5,4,No major issues
d6e4a9bf,Rainwater Harvesting Pits Installation Drive,Tirukalukundram Village,Tirukalukundram,Tamil Nadu,2025-04-27,92,Zentara Dynamics Corporation,Tamil NGO,150.23,"M: 44%, F: 56%",478,256195.27,182185.81,3,5,Logistical delays
d06ca50a,Rainwater Harvesting Pits Installation Drive,Vaniyambadi Village,Vaniyambadi,Tamil Nadu,2025-03-09,82,Zentara Dynamics Corporation,Tamil NGO,453.57,"M: 47%, F: 53%",263,265298.91,419768.57,3,4,No major issues
1545d099,Rainwater Harvesting Pits Installation Drive,Pollachi Village,Pollachi,Tamil Nadu,2025-02-13,96,Zentara Dynamics Corporation,Tamil NGO,259.34,"M: 53%, F: 47%",253,116672.87,394077.21,4,4,Logistical delays
76ea350d,Rainwater Harvesting Pits Installation Drive,Udumalaipettai Village,Udumalaipettai,Tamil Nadu,2025-04-20,94,Zentara Dynamics Corporation,Tamil NGO,406.47,"M: 48%, F: 52%",255,53274.51,139459.52,4,4,No major issues
b437af05,Emergency water supply and Drought relief drives,Aurangabad Village,Aurangabad,Maharashtra,2025-03-07,83,Trionyx Systems Worldwide,Maha NGO,251.71,"M: 57%, F: 43%",743,54123.11,222649.27,3,3,Heavy rainfall affected turnout
4232cf81,Emergency water supply and Drought relief drives,Beed Village,Beed,Maharashtra,2025-03-12,81,Trionyx Systems Worldwide,Maha NGO,299.1,"M: 52%, F: 48%",286,252208.42,271875.25,4,4,Logistical delays
72bf9983,Emergency water supply and Drought relief drives,Jalna Village,Jalna,Maharashtra,2025-03-02,23,Trionyx Systems Worldwide,Maha NGO,127.19,"M: 52%, F: 48%",454,191403.13,378808.74,3,4,Logistical delays
d86d5e42,Emergency water supply and Drought relief drives,Latur Village,Latur,Maharashtra,2025-03-14,20,Trionyx Systems Worldwide,Maha NGO,236.18,"M: 47%, F: 53%",419,254922.09,264764.79,3,3,No major issues
223156ee,Emergency water supply and Drought relief drives,Nanded Village,Nanded,Maharashtra,2025-05-04,10,Trionyx Systems Worldwide,Maha NGO,305.27,"M: 45%, F: 55%",665,320832.6,445172.52,3,3,Logistical delays
13f44d15,Emergency water supply and Drought relief drives,Osmanabad Village,Osmanabad,Maharashtra,2025-02-19,53,Trionyx Systems Worldwide,Maha NGO,231.19,"M: 59%, F: 41%",380,489565.38,333736.02,5,3,Heavy rainfall affected turnout
5fc70212,Emergency water supply and Drought relief drives,Parbhani Village,Parbhani,Maharashtra,2025-04-10,15,Trionyx Systems Worldwide,Maha NGO,472.57,"M: 54%, F: 46%",331,108288.97,45102.72,5,4,No major issues
9158c90b,Emergency water supply and Drought relief drives,Hingoli Village,Hingoli,Maharashtra,2025-03-19,65,Trionyx Systems Worldwide,Maha NGO,498.7,"M: 52%, F: 48%",404,73350.44,150320.39,3,3,No major issues
6209f90e,Emergency water supply and Drought relief drives,Solapur Village,Solapur,Maharashtra,2025-03-09,57,Trionyx Systems Worldwide,Maha NGO,56.98,"M: 57%, F: 43%",270,486476.54,73076.84,4,5,No major issues
0fa67068,Emergency water supply and Drought relief drives,Ahmednagar Village,Ahmednagar,Maharashtra,2025-04-20,83,Trionyx Systems Worldwide,Maha NGO,68.33,"M: 49%, F: 51%",154,497202.98,175089.67,4,5,Heavy rainfall affected turnout
519a3c7e,Emergency water supply and Drought relief drives,Nashik Village,Nashik,Maharashtra,2025-04-25,96,Trionyx Systems Worldwide,Maha NGO,208.54,"M: 49%, F: 51%",789,175903.39,348994.57,3,3,No major issues
853b14d0,Emergency water supply and Drought relief drives,Pune Village,Pune,Maharashtra,2025-02-16,61,Trionyx Systems Worldwide,Maha NGO,148.3,"M: 55%, F: 45%",976,166586.71,202428.89,3,3,Heavy rainfall affected turnout
90032b8d,Emergency water supply and Drought relief drives,Satara Village,Satara,Maharashtra,2025-05-13,85,Trionyx Systems Worldwide,Maha NGO,68.13,"M: 42%, F: 58%",513,105528.36,104932.97,4,4,No major issues
89749a36,Emergency water supply and Drought relief drives,Sangli Village,Sangli,Maharashtra,2025-03-31,47,Trionyx Systems Worldwide,Maha NGO,464.74,"M: 58%, F: 42%",953,335456.85,228474.09,4,5,Heavy rainfall affected turnout
9ba57645,Emergency water supply and Drought relief drives,Buldhana Village,Buldhana,Maharashtra,2025-05-08,83,Trionyx Systems Worldwide,Maha NGO,304.71,"M: 43%, F: 57%",205,249917.8,325011.71,5,3,Logistical delays
31e0f81c,Emergency water supply and Drought relief drives,Washim Village,Washim,Maharashtra,2025-04-29,51,Trionyx Systems Worldwide,Maha NGO,263.71,"M: 48%, F: 52%",961,55271.91,437653.88,4,4,No major issues
34f2e297,Emergency water supply and Drought relief drives,Yavatmal Village,Yavatmal,Maharashtra,2025-04-02,80,Trionyx Systems Worldwide,Maha NGO,229.75,"M: 41%, F: 59%",655,405386.8,193972.31,4,5,Logistical delays
cdf912d8,Emergency water supply and Drought relief drives,Akola Village,Akola,Maharashtra,2025-04-11,30,Trionyx Systems Worldwide,Maha NGO,124.15,"M: 40%, F: 60%",837,307669.43,236692.77,5,3,Heavy rainfall affected turnout
a1723442,Emergency water supply and Drought relief drives,Amravati Village,Amravati,Maharashtra,2025-05-18,21,Trionyx Systems Worldwide,Maha NGO,199.22,"M: 51%, F: 49%",788,460905.42,139966.12,4,5,No major issues
5358b072,Emergency water supply and Drought relief drives,Wardha Village,Wardha,Maharashtra,2025-02-26,51,Trionyx Systems Worldwide,Maha NGO,307.64,"M: 59%, F: 41%",663,362954.58,181587.71,3,3,No major issues
f3e9e803,Emergency water supply and Drought relief drives,Chandrapur Village,Chandrapur,Maharashtra,2025-04-29,68,Trionyx Systems Worldwide,Maha NGO,283.56,"M: 52%, F: 48%",551,370051.53,391008.24,4,4,No major issues
c0dff00e,Emergency water supply and Drought relief drives,Gadchiroli Village,Gadchiroli,Maharashtra,2025-04-15,63,Trionyx Systems Worldwide,Maha NGO,372.7,"M: 54%, F: 46%",179,399732.4,386264.75,4,4,No major issues
3fcf95df,Emergency water supply and Drought relief drives,Nagpur Village,Nagpur,Maharashtra,2025-03-02,92,Trionyx Systems Worldwide,Maha NGO,179.09,"M: 57%, F: 43%",649,83526.93,336282.29,5,5,Logistical delays
7b225e6f,Emergency water supply and Drought relief drives,Bhandara Village,Bhandara,Maharashtra,2025-03-16,16,Trionyx Systems Worldwide,Maha NGO,344.22,"M: 46%, F: 54%",829,316457.47,429548.88,4,5,No major issues
8698d9a2,Emergency water supply and Drought relief drives,Gondia Village,Gondia,Maharashtra,2025-03-26,68,Trionyx Systems Worldwide,Maha NGO,480.96,"M: 42%, F: 58%",207,260901.66,371158.05,3,3,Logistical delays
56150ae5,Emergency water supply and Drought relief drives,Nandurbar Village,Nandurbar,Maharashtra,2025-03-15,86,Trionyx Systems Worldwide,Maha NGO,79.62,"M: 48%, F: 52%",996,212775.19,452221.95,4,5,Logistical delays
ee38caaa,Emergency water supply and Drought relief drives,Dhule Village,Dhule,Maharashtra,2025-05-05,66,Trionyx Systems Worldwide,Maha NGO,114.12,"M: 57%, F: 43%",729,282745.78,467630.66,3,5,No major issues
ab8cecb0,Emergency water supply and Drought relief drives,Jalgaon Village,Jalgaon,Maharashtra,2025-05-05,83,Trionyx Systems Worldwide,Maha NGO,132.41,"M: 44%, F: 56%",371,361963.47,305425.12,3,4,No major issues
8d399fcf,Emergency water supply and Drought relief drives,Thane Village,Thane,Maharashtra,2025-04-29,77,Trionyx Systems Worldwide,Maha NGO,420.58,"M: 49%, F: 51%",299,310176.24,284709.63,5,4,No major issues
5f861d4a,Emergency water supply and Drought relief drives,Palghar Village,Palghar,Maharashtra,2025-04-28,100,Trionyx Systems Worldwide,Maha NGO,308.07,"M: 57%, F: 43%",188,84220.16,358655.16,3,4,Logistical delays
ccff9a48,Emergency water supply and Drought relief drives,Raigad Village,Raigad,Maharashtra,2025-04-27,99,Trionyx Systems Worldwide,Maha NGO,64.07,"M: 54%, F: 46%",962,422646.27,179765.17,3,4,Heavy rainfall affected turnout
cde6b126,Emergency water supply and Drought relief drives,Ratnagiri Village,Ratnagiri,Maharashtra,2025-03-04,48,Trionyx Systems Worldwide,Maha NGO,363.44,"M: 44%, F: 56%",823,171948.03,381713.14,3,5,Heavy rainfall affected turnout
09036b71,Emergency water supply and Drought relief drives,Sindhudurg Village,Sindhudurg,Maharashtra,2025-05-05,82,Trionyx Systems Worldwide,Maha NGO,455.19,"M: 48%, F: 52%",115,99037.03,470268.15,3,3,Heavy rainfall affected turnout
591b6bbf,Emergency water supply and Drought relief drives,Mumbai City Village,Mumbai City,Maharashtra,2025-05-12,23,Trionyx Systems Worldwide,Maha NGO,273.82,"M: 42%, F: 58%",600,198454.06,217924.03,4,5,Heavy rainfall affected turnout
18aa6048,Emergency water supply and Drought relief drives,Mumbai Suburban Village,Mumbai Suburban,Maharashtra,2025-04-25,20,Trionyx Systems Worldwide,Maha NGO,219.36,"M: 52%, F: 48%",445,381228.35,131952.11,3,4,No major issues
f96d2c5a,Emergency water supply and Drought relief drives,Kolhapur Village,Kolhapur,Maharashtra,2025-04-26,85,Trionyx Systems Worldwide,Maha NGO,480.46,"M: 53%, F: 47%",287,331433.42,381661.84,5,3,Logistical delays
66da6014,Emergency water supply and Drought relief drives,Navi Mumbai Village,Navi Mumbai,Maharashtra,2025-02-20,61,Trionyx Systems Worldwide,Maha NGO,132.33,"M: 49%, F: 51%",782,413682.53,279461.67,3,5,Heavy rainfall affected turnout
06b3a688,Emergency water supply and Drought relief drives,Kalyan Village,Kalyan,Maharashtra,2025-03-31,80,Trionyx Systems Worldwide,Maha NGO,294.69,"M: 52%, F: 48%",117,337245.94,441042.15,4,5,No major issues
489927f5,Emergency water supply and Drought relief drives,Vasai-Virar Village,Vasai-Virar,Maharashtra,2025-02-10,59,Trionyx Systems Worldwide,Maha NGO,130.62,"M: 40%, F: 60%",918,164272.65,151261.33,4,4,No major issues
82975d82,Emergency water supply and Drought relief drives,Aurangabad (Rural) Village,Aurangabad (Rural),Maharashtra,2025-05-18,21,Trionyx Systems Worldwide,Maha NGO,97.49,"M: 56%, F: 44%",548,241965.8,295454.46,4,4,No major issues
a4ebdd34,Emergency water supply and Drought relief drives,Baramati Village,Baramati,Maharashtra,2025-02-26,27,Trionyx Systems Worldwide,Maha NGO,351.1,"M: 53%, F: 47%",591,172173.4,83541.81,5,5,Heavy rainfall affected turnout
a22a91d6,Emergency water supply and Drought relief drives,Pandharpur Village,Pandharpur,Maharashtra,2025-04-25,90,Trionyx Systems Worldwide,Maha NGO,61.57,"M: 49%, F: 51%",645,238210.98,141977.38,4,3,Heavy rainfall affected turnout
7d2bd921,Emergency water supply and Drought relief drives,Shrirampur Village,Shrirampur,Maharashtra,2025-03-09,41,Trionyx Systems Worldwide,Maha NGO,191.31,"M: 48%, F: 52%",139,200696.06,119422.21,4,3,Heavy rainfall affected turnout
dc30bfa4,Emergency water supply and Drought relief drives,Malegaon Village,Malegaon,Maharashtra,2025-04-04,15,Trionyx Systems Worldwide,Maha NGO,79.48,"M: 55%, F: 45%",511,336773.74,483021.83,3,4,No major issues
914bd429,Emergency water supply and Drought relief drives,Parli Village,Parli,Maharashtra,2025-04-24,60,Trionyx Systems Worldwide,Maha NGO,199.29,"M: 53%, F: 47%",289,325683.33,427371.8,4,3,Heavy rainfall affected turnout
52e1bcb8,Emergency water supply and Drought relief drives,Udgir Village,Udgir,Maharashtra,2025-02-17,19,Trionyx Systems Worldwide,Maha NGO,241.67,"M: 50%, F: 50%",375,117492.73,497315.94,4,4,Logistical delays
c02d0b5c,Emergency water supply and Drought relief drives,Pathri Village,Pathri,Maharashtra,2025-04-13,41,Trionyx Systems Worldwide,Maha NGO,140.67,"M: 49%, F: 51%",451,82299.69,130099.93,4,4,No major issues
a19945a6,Emergency water supply and Drought relief drives,Georai Village,Georai,Maharashtra,2025-04-07,17,Trionyx Systems Worldwide,Maha NGO,120.22,"M: 47%, F: 53%",745,392176.26,229545.55,5,3,Logistical delays
0bdf0f90,Emergency water supply and Drought relief drives,Ambajogai Village,Ambajogai,Maharashtra,2025-03-23,14,Trionyx Systems Worldwide,Maha NGO,275.59,"M: 40%, F: 60%",453,202999.74,57221.02,3,3,No major issues
3bc38e6a,Emergency water supply and Drought relief drives,Majalgaon Village,Majalgaon,Maharashtra,2025-05-03,64,Trionyx Systems Worldwide,Maha NGO,353.91,"M: 59%, F: 41%",551,283115.75,477358.5,3,4,Logistical delays
